,skewness,kurtosis
Hours_Studied,-0.0030948906664044302,-0.13879020818013998
Attendance,0.013665859547014896,-1.1944066537666138
Previous_Scores,-0.00373653379826588,-1.1910804118343832
