Feature,Absolute_Correlation
Attendance,0.5810718633120643
Hours_Studied,0.4453865020297112
Previous_Scores,0.17507908702291097
Access_to_Resources_encoded,0.16977864656755398
Tutoring_Sessions_encoded,0.16050072668644186
Parental_Involvement_encoded,0.15795081797900568
